{
  "new locality|bengaluru|560001": [
    12.9730088,
    77.5804711
  ],
  "pocket road|bengaluru|": [
    12.956793,
    77.6478146
  ]
}